"","phi","psi","chi1","chi2","chi3","chi4","chi5"
"  1.A.MET",NA,128.514602926064,73.9982655570897,-174.329433030403,-42.6528414956321,NA,NA
"  2.A.LEU",-78.9193325493921,138.3630998996,-153.434897318131,54.5378088724293,NA,NA,NA
"  3.A.GLU",-68.017951579203,129.496488579918,162.574490065082,-175.564283954843,31.8582866954753,NA,NA
"  4.A.ILE",-89.466806614006,167.269579063085,59.5339403878989,163.842504401398,NA,NA,NA
"  5.A.ASN",60.2974949797614,33.3363092902309,-66.5636851490084,-33.5605398145421,NA,NA,NA
"  6.A.LYS",-152.486041099207,136.533831022278,-170.843383260115,163.40129038224,-175.37559502098,-158.620836443514,NA
"  7.A.ILE",-83.7253336435493,128.602464473425,-63.5085615866966,167.950785124022,NA,NA,NA
"  8.A.HIS",-97.5500858096834,146.579743821535,-60.3077798812286,-54.785860221373,NA,NA,NA
"  9.A.GLN",-89.7782016414135,85.6661472625251,-178.675991790359,-165.055157833557,-43.3880696403557,NA,NA
" 10.A.MET",-143.47465094244,154.03310911717,-58.4660484157128,168.748384904748,83.0588777891145,NA,NA
" 11.A.ASN",-66.4532544490429,145.141508337277,166.419955447852,88.9418929645515,NA,NA,NA
" 12.A.CYS",-57.6384592312544,-34.9514923600955,56.5798391981501,NA,NA,NA,NA
" 13.A.PHE",-72.0274277252455,-39.053792440313,-58.656505202592,-69.7034766056684,NA,NA,NA
" 14.A.ASP",-63.9895085449478,-45.9254632229816,-66.9731983410892,159.691430972975,NA,NA,NA
" 15.A.PHE",-58.5581998808588,-53.1990201198654,164.806752006409,81.4105638244872,NA,NA,NA
" 16.A.LEU",-57.858409432731,-38.8103781856839,-68.6147143404528,162.085333465585,NA,NA,NA
" 17.A.ASP",-66.0674577031072,-16.3750376862918,-73.6480844310512,-12.9856672475137,NA,NA,NA
" 18.A.GLN",-92.3794696462132,-9.46917412737778,-61.0463572789074,-63.6622287062096,-31.6667873030786,NA,NA
" 19.A.VAL",-84.8143433101241,135.321220734469,178.861520211154,NA,NA,NA,NA
" 20.A.GLU",-66.7419707552501,133.633221565309,-173.659529320644,167.141738847683,74.2615304142544,NA,NA
" 21.A.ASN",-60.4482997918577,145.31694331987,-65.240325817075,-26.8984975706082,NA,NA,NA
" 22.A.LYS",58.7036113290713,26.0244733711756,-57.652636638321,-176.392505159212,-179.254369783835,-175.203200261878,NA
" 23.A.SER",-100.163941025401,-11.0117166859686,65.3690721985169,NA,NA,NA,NA
" 24.A.VAL",-104.986419395314,139.087216524732,171.091266036299,NA,NA,NA,NA
" 25.A.GLN",-94.5557977473481,-29.7968340365782,-78.8307233861679,68.4847943342363,61.5803753370296,NA,NA
" 26.A.LEU",-148.426123849684,131.637942334264,166.343604524046,63.4449187135005,NA,NA,NA
" 27.A.ALA",-116.913282186126,130.708747571899,NA,NA,NA,NA,NA
" 28.A.VAL",-121.496700037929,108.295929789487,-178.813482314401,NA,NA,NA,NA
" 29.A.ILE",-122.073648306133,122.672334457291,-46.9750728904392,-58.6198852142433,NA,NA,NA
" 30.A.ASP",-114.622163185066,90.4992592419532,175.90204109219,-167.102076836282,NA,NA,NA
" 31.A.PRO",-96.3101112388563,-175.946196797579,40.1912096336419,-34.7529772625725,NA,NA,NA
" 32.A.PRO",-56.0573755827956,145.321407659225,-32.8732578714088,43.2636716398907,NA,NA,NA
" 33.A.TYR",-109.113584122008,0.937305461190241,-70.4104665708591,16.9709627609807,NA,NA,NA
" 34.A.ASN",65.7228743183354,37.1646853139845,-164.183908317422,30.1100360186235,NA,NA,NA
" 35.A.LEU",-107.128121806765,8.20254201324242,-69.4763199679146,176.579763544707,NA,NA,NA
" 36.A.SER",59.4964023784282,35.1233279481896,-55.6899011009801,NA,NA,NA,NA
" 37.A.LYS",-79.4043118383106,-9.67363355354894,-57.9997838771911,-67.134596163497,-166.380262117493,55.3741641844104,NA
" 38.A.ALA",-167.13303385614,175.863689937626,NA,NA,NA,NA,NA
" 39.A.ASP",-59.9794377688654,-39.228863244399,64.5254399549843,-37.981486721424,NA,NA,NA
" 40.A.TRP",-74.7003655860328,-7.94786121273531,49.3691503835851,-101.286710985618,NA,NA,NA
" 41.A.ASP",-109.455617760617,11.5422436060376,-160.183126323099,31.3318259675,NA,NA,NA
" 42.A.SER",-113.89407076044,123.975871737176,-44.9787308440548,NA,NA,NA,NA
" 43.A.PHE",-122.908022082349,155.70494095218,-62.6316961334556,83.7337474592209,NA,NA,NA
" 44.A.ASP",-70.6268599984003,-28.2765194852261,-69.3814166330842,-31.1829144724982,NA,NA,NA
" 45.A.SER",-160.999479715679,171.277109679628,69.4225285169344,NA,NA,NA,NA
" 46.A.HIS",-67.8230319198831,-40.0162355994,-171.934618637874,58.8287089765848,NA,NA,NA
" 47.A.ASN",-59.0269038687944,-43.73785944388,-71.9369569441313,156.487285629789,NA,NA,NA
" 48.A.GLU",-62.1172789149833,-42.1714892903698,-70.4746478512754,-148.722244284124,-179.331875204009,NA,NA
" 49.A.PHE",-58.537984450762,-46.2411000495569,167.339848215396,69.5082215458084,NA,NA,NA
" 50.A.LEU",-67.3808859555967,-40.1387367357035,-65.3735795350488,177.147325437386,NA,NA,NA
" 51.A.ALA",-60.7440039130524,-41.7557680131217,NA,NA,NA,NA,NA
" 52.A.PHE",-61.928832991645,-48.6311510715203,163.087864102523,-102.436429653935,NA,NA,NA
" 53.A.THR",-60.4372880320858,-47.1972706561373,-59.8006257182854,NA,NA,NA,NA
" 54.A.TYR",-65.9412041250758,-32.350768360668,-62.5606876120432,165.28069696813,NA,NA,NA
" 55.A.ARG",-65.415192813325,-45.6309786874713,-168.958092911056,179.533808039813,166.869886075522,-151.841082584755,NA
" 56.A.TRP",-72.7876086516563,-36.6414015855158,66.6750717084857,-109.331240775962,NA,NA,NA
" 57.A.ILE",-57.8287444049114,-49.2336593772099,-75.2406675070355,170.649036797986,NA,NA,NA
" 58.A.ASP",-51.6959751484653,-43.8165680886248,-72.9497439596856,170.083636414314,NA,NA,NA
" 59.A.LYS",-69.6491342568429,-45.243068200235,-65.3165937081342,-175.639116509131,-176.828090014897,-63.0599642176877,NA
" 60.A.VAL",-55.6394451745928,-43.7423675979086,170.555059241791,NA,NA,NA,NA
" 61.A.LEU",-59.3790857907289,-39.1051906247113,-60.3753650850446,-174.396335964097,NA,NA,NA
" 62.A.ASP",-62.4149584421102,-26.2984362082273,-73.4074416311184,163.220034962561,NA,NA,NA
" 63.A.LYS",-78.1448401818256,-27.2425115202913,-48.9495007846576,-44.1192122573899,159.898090868198,168.989894275047,NA
" 64.A.LEU",-69.7389101297116,143.022174466751,-66.8204640056544,175.86228252034,NA,NA,NA
" 65.A.ASP",-73.5930496448718,-177.565972781378,69.0736962748217,-162.710551677851,NA,NA,NA
" 66.A.LYS",-62.2706943213739,-25.1395835630384,80.3078421623413,-176.162912424009,174.155156286674,78.6467911158762,NA
" 67.A.ASP",-116.557376034261,19.2729948418653,-59.458368680848,133.262340242063,NA,NA,NA
" 68.A.GLY",-67.7500362607781,161.556172962334,NA,NA,NA,NA,NA
" 69.A.SER",-116.639975461327,153.62961369176,-72.8208990906304,NA,NA,NA,NA
" 70.A.LEU",-139.769480570861,131.91121989567,172.096996838665,63.0745532806879,NA,NA,NA
" 71.A.TYR",-125.826975466183,127.151546106519,-75.1919077938689,72.6017413265419,NA,NA,NA
" 72.A.ILE",-129.521201617497,125.807850316665,-67.2836119719924,165.563221682861,NA,NA,NA
" 73.A.PHE",-89.2781955918727,146.581552039194,-70.7411064098344,-97.3235227424895,NA,NA,NA
" 74.A.ASN",-172.614374376174,-175.343887529751,-132.380566961657,-84.5001997472362,NA,NA,NA
" 75.A.THR",-73.0859245631053,157.013317864277,59.4514357403061,NA,NA,NA,NA
" 76.A.PRO",-51.4609045982966,-46.9687291718367,-28.1317392260528,37.9826087566051,NA,NA,NA
" 77.A.PHE",-57.8157873176268,-47.2525663516618,-175.869916949362,80.0335485113157,NA,NA,NA
" 78.A.ASN",-68.8323017012995,-32.3391067904741,-69.2748798511941,-29.1555890959542,NA,NA,NA
" 79.A.CYS",-67.084837378545,-25.8343862520189,-75.1446437417986,NA,NA,NA,NA
" 80.A.ALA",-59.950700158851,-44.3088920883883,NA,NA,NA,NA,NA
" 81.A.PHE",-71.3205144564273,-42.6028279161749,-67.5827536690288,83.0865794530703,NA,NA,NA
" 82.A.ILE",-66.802680537701,-39.1566919810907,-68.8082366279013,159.574829755913,NA,NA,NA
" 83.A.CYS",-59.5671956286255,-48.9552854874599,-176.864725551766,NA,NA,NA,NA
" 84.A.GLN",-63.7302424994353,-35.9078013559329,174.167146392409,169.812865320772,-5.14381162383354,NA,NA
" 85.A.TYR",-63.4100154441599,-45.1209607776278,-174.949764109364,72.6120462787881,NA,NA,NA
" 86.A.LEU",-62.1099492919472,-39.302196000168,-70.5479591203506,168.113668033822,NA,NA,NA
" 87.A.VAL",-62.8205136105362,-37.7863005580829,171.524863098849,NA,NA,NA,NA
" 88.A.SER",-68.9494634469123,-25.4205425377518,77.6199193262049,NA,NA,NA,NA
" 89.A.LYS",-84.6822234631203,1.81252784381623,-67.7034004599442,-60.696630129817,-72.6054991919541,177.516655816438,NA
" 90.A.GLY",91.2013906236215,2.72399382964886,NA,NA,NA,NA,NA
" 91.A.MET",-77.8409299672251,154.346395824722,-64.2184699838247,-72.0740775053777,-72.1392218590949,NA,NA
" 92.A.ILE",-101.334195450005,112.993036082416,-49.3142758839175,-63.3695517427667,NA,NA,NA
" 93.A.PHE",-63.2140262901624,132.450643206535,173.899967610619,-96.6538744174252,NA,NA,NA
" 94.A.GLN",-112.009364538388,-54.3310586393179,-56.2922616883081,-70.006619554333,167.425185056884,NA,NA
" 95.A.ASN",-151.549144073705,149.769382001698,-68.4766486386283,102.362356346396,NA,NA,NA
" 96.A.TRP",-103.337707130663,95.3788898546702,-179.705861430626,-78.9424045777498,NA,NA,NA
" 97.A.ILE",-83.6072232188558,131.976529134056,-58.8421077376823,-71.0375944391824,NA,NA,NA
" 98.A.THR",-106.804901555136,118.876448645622,-69.0123694262971,NA,NA,NA,NA
" 99.A.TRP",-93.0624561606499,106.685099428041,176.740800938677,20.2358900110886,NA,NA,NA
"100.A.ASP",-83.6830369371828,97.5609496061874,177.14052610994,10.8404983104184,NA,NA,NA
"101.A.LYS",-69.2793382781815,-27.7282723549599,-60.9281377863872,-153.174854508935,-58.0075766635353,-131.704487172542,NA
"102.A.ARG",46.6468847039145,36.1385845914072,-63.6548099748078,173.029404397461,-177.027947238963,-174.874067456887,NA
"103.A.ASP",-81.0954855343123,-164.832108071843,49.7607351345285,16.2172180179518,NA,NA,NA
"104.A.GLY",-95.8597087010774,-3.53787468912764,NA,NA,NA,NA,NA
"105.A.MET",-90.5731375065689,-173.006074681461,-36.0744019946728,-89.2639081836507,87.9780185720631,NA,NA
"106.A.GLY",86.1223179863434,-4.17819461413266,NA,NA,NA,NA,NA
"107.A.SER",-38.5845277109703,138.495143726952,77.8806634124491,NA,NA,NA,NA
"108.A.ALA",-151.568168582101,156.255966398595,NA,NA,NA,NA,NA
"109.A.LYS",-122.973758896352,-0.596865512475295,-74.8715237769252,174.621297257517,-158.352916139026,-69.2024489799683,NA
"110.A.ARG",-105.834727409629,1.59975135185252,-58.9293512711898,-66.2088408957287,-67.004419552861,133.435549888146,NA
"111.A.ARG",-169.051877085265,172.481774742088,65.9553662668268,-174.031709695132,59.3102453303985,81.6874154058058,NA
"112.A.PHE",-66.19452504024,151.52466188288,-66.9966083791967,96.37038005643,NA,NA,NA
"113.A.SER",-65.9754602801868,140.422599687523,-59.1642456483148,NA,NA,NA,NA
"114.A.THR",-98.146341818235,-177.612324341814,48.9124056300404,NA,NA,NA,NA
"115.A.GLY",135.947786013274,-29.0482722559798,NA,NA,NA,NA,NA
"116.A.GLN",-60.2220066985415,158.877260387037,89.7009865917889,-171.495043139487,-72.3544977345923,NA,NA
"117.A.GLU",-131.568442942585,159.288879353379,-56.5359567683787,179.693348981689,12.012243184414,NA,NA
"118.A.THR",-115.38737809761,150.559780850773,-64.2419892437373,NA,NA,NA,NA
"119.A.ILE",-125.328993629419,117.124524627027,-38.2863476681854,175.58085073811,NA,NA,NA
"120.A.LEU",-83.8377638589175,137.223118622941,-68.020121040908,172.692551532334,NA,NA,NA
"121.A.PHE",-125.305000352624,109.587514160501,163.934210369874,33.2395427394698,NA,NA,NA
"122.A.PHE",-124.093266531143,163.307683818845,-77.7360765730856,67.8599032649922,NA,NA,NA
"123.A.SER",-134.906969039035,160.594643366619,62.6524419111398,NA,NA,NA,NA
"124.A.LYS",-77.5569792516428,-23.5981753831968,-73.4007710704227,-91.2638052950862,-71.2001455609325,-157.595503623101,NA
"125.A.SER",-147.364631702378,-178.919016819158,74.3889024949529,NA,NA,NA,NA
"126.A.LYS",-89.7528772650603,4.33126994231115,-68.1959911655409,175.727639806214,55.6850128550747,-175.906909534365,NA
"127.A.ASN",-110.707990297011,34.7952468509876,-55.770443013815,-49.0950945715066,NA,NA,NA
"128.A.HIS",-72.0558853415483,166.819042455184,52.0799238794301,112.793713263864,NA,NA,NA
"129.A.THR",-83.5967202731982,122.933876873663,-69.4034342251508,NA,NA,NA,NA
"130.A.PHE",-137.053414392534,100.312747633689,-166.156386231357,79.0793793054846,NA,NA,NA
"131.A.ASN",-88.3902755091128,72.9503820089032,-60.9542532902189,-50.5471704860831,NA,NA,NA
"132.A.TYR",-55.7392577410989,-37.1360840065095,57.9505968275961,88.7095207287539,NA,NA,NA
"133.A.ASP",-70.5425011228426,-14.6876512018035,-84.6467890304499,158.528848212173,NA,NA,NA
"134.A.GLU",-91.3573996369556,-5.37945791485208,-61.4918439243947,-58.7030444022386,-53.6097431262814,NA,NA
"135.A.VAL",-129.01813669487,24.8273798203652,-65.5838241769285,NA,NA,NA,NA
"136.A.ARG",-65.5177288028972,151.885937422261,-72.853749091125,173.933463706703,177.562571564672,-87.7353924374965,NA
"137.A.VAL",-114.58867871708,156.927822039419,-58.4061080270872,NA,NA,NA,NA
"138.A.PRO",-55.5441022554015,143.845131887154,-24.085048057167,36.0545577992187,NA,NA,NA
"139.A.TYR",-65.5019695445178,142.475496363233,-75.9060198881316,122.891208469644,NA,NA,NA
"140.A.GLU",-81.9747650022491,-168.802494505791,-123.070306621107,58.5590236860315,-73.482215675156,NA,NA
"141.A.SER",-79.5646725269456,-37.4277778689281,60.84277027264,NA,NA,NA,NA
"142.A.THR",-73.0201873326102,-21.8026276730899,-53.4662732524617,NA,NA,NA,NA
"143.A.ASP",-71.2723998438973,-39.4150007620942,-69.5355470448922,-63.4681449688169,NA,NA,NA
"144.A.ARG",-60.5947954233222,-35.5013456206984,-89.5106688755346,55.0517718048894,169.21101023372,80.0530618109597,NA
"145.A.ILE",-64.5937555722571,-43.6167882683121,-78.4579004131398,40.4744645463573,NA,NA,NA
"146.A.LYS",-64.4760265071823,-41.3102100967391,-172.778673021128,-173.5521880753,-169.625054421877,143.730232978872,NA
"147.A.HIS",-55.8091494908483,-48.062855459101,-68.3446545181814,162.357124592113,NA,NA,NA
"148.A.ALA",-58.0746125408051,-42.5886174193618,NA,NA,NA,NA,NA
"149.A.SER",-64.7794613603673,-20.0767319977077,179.770324309148,NA,NA,NA,NA
"150.A.GLU",-104.471215454821,-10.2350843909923,-55.5598328879154,174.067241385505,-68.4312178887924,NA,NA
"151.A.LYS",-54.7035466053331,-38.3542324389765,-174.638359532083,179.43437262154,-174.09798273366,175.656438344501,NA
"152.A.GLY",-81.2931625019949,-4.74768391255058,NA,NA,NA,NA,NA
"153.A.ILE",-88.977354460884,107.077694701121,-55.8490509223391,173.140983465369,NA,NA,NA
"154.A.LEU",-76.9237248713091,152.982100280724,-54.6493076525166,-174.55578233085,NA,NA,NA
"155.A.LYS",-124.835731221056,121.138352771094,-164.364496437945,-179.80570759078,-60.0619179702448,-176.209726899682,NA
"156.A.ASN",61.9918906744631,31.3271355696053,-62.3068406688895,144.76276376339,NA,NA,NA
"157.A.GLY",84.3207114718621,-5.89623201252569,NA,NA,NA,NA,NA
"158.A.LYS",-127.549830934806,170.72183267012,-74.159285010311,150.211081352044,172.77834619885,164.859738576106,NA
"159.A.ARG",-61.3768725744564,142.010457567183,-176.555846864447,81.102960061076,70.8586662377428,-151.141631541872,NA
"160.A.TRP",-103.561924845276,130.719694424004,169.005543115834,-98.9859482844146,NA,NA,NA
"161.A.PHE",-113.185848482073,124.670035422692,-60.0933428338339,90.2378242973095,NA,NA,NA
"162.A.PRO",-64.3904296008005,159.823005287504,21.2534707309536,-29.7094517625351,NA,NA,NA
"163.A.ASN",-55.7870891813452,133.419202574212,-168.182037635186,121.631095997836,NA,NA,NA
"164.A.PRO",-76.1127375082118,-8.36376681223783,32.7209789853785,-43.8537431442442,NA,NA,NA
"165.A.ASN",-93.1446645652484,-0.829320415197297,-61.4907318785886,-56.124480287999,NA,NA,NA
"166.A.GLY",111.635737671429,-169.09436090905,NA,NA,NA,NA,NA
"167.A.ARG",-91.7131983703939,165.038150098974,64.1409815090634,162.610091688171,168.963011773367,98.7242324558573,NA
"168.A.LEU",-63.6686741071557,138.279231555448,-64.1518315274636,165.179564001484,NA,NA,NA
"169.A.CYS",-69.2356657909565,139.507421436643,-167.220398935822,NA,NA,NA,NA
"170.A.GLY",-97.4620561897292,-159.871630399233,NA,NA,NA,NA,NA
"171.A.GLU",-102.118270718128,-4.88227848867441,-79.8173120982755,172.293596166002,-33.9278925491423,NA,NA
"172.A.VAL",-110.820204352035,111.01418781678,-173.771125368031,NA,NA,NA,NA
"173.A.TRP",-105.52059883319,142.613668761386,-61.8733693683632,-1.5378898536502,NA,NA,NA
"174.A.HIS",-137.32806689712,135.102289244457,-31.6418463335943,-91.9334527979362,NA,NA,NA
"175.A.PHE",-123.626401360287,-177.274594198116,-69.8465125554982,92.7346422183129,NA,NA,NA
"176.A.SER",-83.5896751461475,-21.351577520575,-6.68571928242256,NA,NA,NA,NA
"195.A.THR",-39.6112969855552,-45.1127934110803,16.2023295226158,NA,NA,NA,NA
"196.A.PRO",-63.7295479427433,146.122032480921,-18.4030754137712,32.084046168867,NA,NA,NA
"197.A.LYS",-69.3904145527832,150.440044356652,-64.2588936939402,-72.9184739336902,-176.989956876253,-75.2597875166096,NA
"198.A.PRO",-61.4779308882973,133.888008540563,-13.8418735337894,20.5271407363866,NA,NA,NA
"199.A.ARG",-57.5861058620309,-40.0858341126702,-61.2046508241589,-168.951683023982,166.713035849002,-179.477024633173,NA
"200.A.ASP",-58.8718032357903,-33.7578427866883,-70.405825270347,166.408532593525,NA,NA,NA
"201.A.LEU",-67.6828966496323,-47.8579928338904,-172.494888614306,160.435668277171,NA,NA,NA
"202.A.ILE",-68.4419357673815,-35.1674429996204,-64.070389866345,-62.7568942080794,NA,NA,NA
"203.A.GLU",-58.7185686887602,-42.7766303319055,174.47045115857,172.410002715614,-14.3321443952415,NA,NA
"204.A.ARG",-61.7261346502886,-42.2262234445537,168.309570726289,174.219310710606,-58.5546502564954,168.219745264697,NA
"205.A.ILE",-61.3181363762429,-46.0338040255039,-68.5585051222064,179.36791802632,NA,NA,NA
"206.A.ILE",-73.0399075829909,-36.4311256992528,-71.5560603279832,170.841220992399,NA,NA,NA
"207.A.ARG",-66.7202184589809,-40.3521385288928,-71.7599004999616,-173.745046516617,-177.659866187856,-81.1574529375417,NA
"208.A.ALA",-72.0695018605364,-39.0320840174131,NA,NA,NA,NA,NA
"209.A.SER",-116.927285841536,23.4951059946385,-69.4658365289347,NA,NA,NA,NA
"210.A.SER",-155.441293273407,166.921451509467,68.5095049526043,NA,NA,NA,NA
"211.A.ASN",-121.747097067573,161.789583458856,-66.0391874926443,-48.2118068132641,NA,NA,NA
"212.A.PRO",-46.2396666598014,140.414948828349,-32.5792917591088,39.770810971783,NA,NA,NA
"213.A.ASN",74.3530146357332,-5.00880414250718,-57.4149765370022,122.824614809692,NA,NA,NA
"214.A.ASP",-69.2775129071009,169.447069889451,-81.7935675599119,-8.97290438304507,NA,NA,NA
"215.A.LEU",-105.577837344244,126.074378845503,179.765231985694,54.8779458096161,NA,NA,NA
"216.A.VAL",-108.492915132737,133.457977031111,-174.826961300512,NA,NA,NA,NA
"217.A.LEU",-113.056308748268,141.587177370713,179.751599606131,146.748480973212,NA,NA,NA
"218.A.ASP",-145.272763853886,113.21893761279,178.64569746862,164.548134854239,NA,NA,NA
"219.A.CYS",-93.180233845494,11.3012740816828,60.1745930056265,NA,NA,NA,NA
"220.A.PHE",-139.795782521086,62.1780175944214,-55.8235794986456,102.629468523177,NA,NA,NA
"221.A.MET",-54.8563378738219,-35.816317706148,-79.1147864429091,-72.9764979623361,-173.863522325645,NA,NA
"222.A.GLY",64.5170680979205,-122.168705290393,NA,NA,NA,NA,NA
"223.A.SER",-76.6901001115858,-5.67340894007133,71.7890566667601,NA,NA,NA,NA
"224.A.GLY",92.0737250744023,12.4107730834856,NA,NA,NA,NA,NA
"225.A.THR",-49.5818169217735,-46.5352155496018,-50.5053473879176,NA,NA,NA,NA
"226.A.THR",-60.3020004006033,-45.8868096429999,-57.8396263083909,NA,NA,NA,NA
"227.A.ALA",-64.2684944760624,-41.8870950879962,NA,NA,NA,NA,NA
"228.A.ILE",-63.4036923750914,-50.5122786746279,-72.7515399522947,160.582919227382,NA,NA,NA
"229.A.VAL",-68.6686444221327,-39.1704809482581,174.092822355891,NA,NA,NA,NA
"230.A.ALA",-57.4047700947709,-48.9277856086184,NA,NA,NA,NA,NA
"231.A.LYS",-59.2696798571625,-45.5186017656784,179.307362796715,173.070117524222,169.010289843663,62.780252533321,NA
"232.A.LYS",-59.7554667825584,-35.1895321334947,-68.2581233785028,-162.045414300843,-165.709281184651,-167.939002639865,NA
"233.A.LEU",-88.0560870626409,8.14065838731457,-64.1808305868223,177.978500461734,NA,NA,NA
"234.A.GLY",73.1093550321341,25.461096664006,NA,NA,NA,NA,NA
"235.A.ARG",-101.964540930392,157.778458239708,-85.0172792136567,70.2411226840387,166.241000349588,166.549756228411,NA
"236.A.ASN",-88.7552369615648,158.405493539769,-68.7521360560071,-59.327898446894,NA,NA,NA
"237.A.PHE",-139.016138485519,162.36685227628,65.1178309006669,85.9497149773912,NA,NA,NA
"238.A.ILE",-140.616759185733,139.353913544827,42.989803744779,167.027512929752,NA,NA,NA
"239.A.GLY",-178.841542322956,177.422685052355,NA,NA,NA,NA,NA
"240.A.CYS",-159.394197913867,167.825460831367,61.2973838154643,NA,NA,NA,NA
"241.A.ASP",-152.571658085594,144.187174908917,-165.067356549297,-81.3845083435292,NA,NA,NA
"242.A.MET",-72.4675313679564,-17.8323600592185,60.7784319945628,178.370994700456,-79.5840759610597,NA,NA
"243.A.ASN",-87.8759209389801,112.227102756603,-169.324676177766,-58.4992974211581,NA,NA,NA
"244.A.ALA",-55.7549779630331,-45.9628550264221,NA,NA,NA,NA,NA
"245.A.GLU",-60.9178137035919,-45.7055614510256,-66.8079563006365,-173.620091591792,44.2329019969181,NA,NA
"246.A.TYR",-61.7494784420719,-45.7850391544354,-65.2341054405316,-10.5761515484553,NA,NA,NA
"247.A.VAL",-61.7690185350431,-47.2845482638487,170.092907577619,NA,NA,NA,NA
"248.A.ASN",-63.6655792946229,-41.4275609450889,-65.7488519454785,-20.2449967153097,NA,NA,NA
"249.A.GLN",-66.9953134878124,-40.761332860494,-140.971995263774,-49.0931794500614,77.1249237659097,NA,NA
"250.A.ALA",-70.3680762616352,-39.8926609282228,NA,NA,NA,NA,NA
"251.A.ASN",-64.0533223472982,-33.064532784598,-78.928349990839,-35.7164623898021,NA,NA,NA
"252.A.PHE",-66.5085224326133,-50.5280326836632,-170.748367705141,68.7023676693454,NA,NA,NA
"253.A.VAL",-56.5595244995309,-46.111213908916,174.92986856075,NA,NA,NA,NA
"254.A.LEU",-55.8097899353455,-36.080296466479,-75.340757137102,158.132661598995,NA,NA,NA
"255.A.ASN",-81.8690217382827,-3.17294849691484,-69.0215452497226,-53.9376576345261,NA,NA,NA
"256.A.GLN",-132.81460558306,-21.5124400808434,51.6702251206488,170.0686172183,8.04385150715891,NA,NA
"  1.B.MET",-49.9715285747765,138.990098744898,-52.9206632602052,-167.692993597652,91.659466364173,NA,NA
"  2.B.LEU",-101.399356449981,119.744550050799,-170.726222338559,67.487885521599,NA,NA,NA
"  3.B.GLU",-70.5823568687412,130.898225082737,-165.770313364883,173.018562438015,-25.6695147982824,NA,NA
"  4.B.ILE",-88.9075341057324,151.600688981216,-66.4449674298434,162.246644325767,NA,NA,NA
"  5.B.ASN",64.7653429284199,37.2720042560099,-67.9549954861457,-43.4093450659173,NA,NA,NA
"  6.B.LYS",-146.69625259926,147.142757200126,170.533225076954,-177.060611025581,178.817153883396,163.10372508812,NA
"  7.B.ILE",-91.9476876339549,130.339371525597,-64.8832415785655,167.089071939071,NA,NA,NA
"  8.B.HIS",-100.271081244296,145.674238118725,-59.2288387539866,-97.6499048123135,NA,NA,NA
"  9.B.GLN",-87.4966471742108,91.7585851401909,-172.328336919677,-163.602947240088,-32.4745537982047,NA,NA
" 10.B.MET",-149.261771527206,156.718451733746,-146.576160488018,165.102152818784,-94.6085224689173,NA,NA
" 11.B.ASN",-70.1616347032183,143.144647222347,163.841651561213,-90.5571540211815,NA,NA,NA
" 12.B.CYS",-55.3075639109911,-38.1971344194736,65.2811542176539,NA,NA,NA,NA
" 13.B.PHE",-67.8046484308921,-44.3529156987353,-58.6090424521348,110.436658770953,NA,NA,NA
" 14.B.ASP",-65.5406367180974,-43.7975244062868,-59.3163070480244,-36.2545888874361,NA,NA,NA
" 15.B.PHE",-58.0397198969193,-50.7585632608088,166.469133860482,80.2093790845804,NA,NA,NA
" 16.B.LEU",-58.7896878289286,-38.4510466652729,-67.6271897744593,163.348979870475,NA,NA,NA
" 17.B.ASP",-64.7143559501703,-19.222232441327,-77.1109263790022,171.948596034114,NA,NA,NA
" 18.B.GLN",-84.8027417351781,-18.0146404288142,-62.576970915206,-64.4133248582749,-63.7444132338111,NA,NA
" 19.B.VAL",-78.8293122551698,133.962052472613,171.943430918174,NA,NA,NA,NA
" 20.B.GLU",-66.4359596868913,139.199538619779,-174.504848689518,169.129970625505,178.338663081698,NA,NA
" 21.B.ASN",-64.5046729828188,144.892481501107,-66.8819281513523,-25.9669482337776,NA,NA,NA
" 22.B.LYS",63.900996102717,26.5000856720362,-54.5832977498085,-167.936533498226,-173.991092836056,177.110081386677,NA
" 23.B.SER",-101.155473667697,-10.7211665358841,64.5382505594642,NA,NA,NA,NA
" 24.B.VAL",-109.980355848856,137.366542024972,171.701565888062,NA,NA,NA,NA
" 25.B.GLN",-91.7381711296498,-33.6169511276953,-74.1172969901204,69.630538964013,57.0950384157219,NA,NA
" 26.B.LEU",-143.822280363285,131.352447975943,171.126295006954,65.3533361152806,NA,NA,NA
" 27.B.ALA",-117.001232968994,128.322236171041,NA,NA,NA,NA,NA
" 28.B.VAL",-121.234180786183,105.485505462166,-176.930411651901,NA,NA,NA,NA
" 29.B.ILE",-119.301392471906,120.425949418263,-45.9651797384969,-54.2332211800488,NA,NA,NA
" 30.B.ASP",-112.670745047979,92.2977757267697,175.127676334598,-165.96311000468,NA,NA,NA
" 31.B.PRO",-95.1203184241648,-173.570772850167,39.0901592322352,-35.8959006711855,NA,NA,NA
" 32.B.PRO",-58.8458547975737,143.584367145762,-28.3564783919152,36.8756057873258,NA,NA,NA
" 33.B.TYR",-105.851260683779,-0.894810855722509,-72.027604006664,-160.392797265536,NA,NA,NA
" 34.B.ASN",64.2884164058729,40.9602968825197,-164.72787790241,29.7090003139898,NA,NA,NA
" 35.B.LEU",-109.87881217859,12.9061591733834,-73.6610967710975,172.49416081945,NA,NA,NA
" 36.B.SER",53.4459815952159,41.0435887377665,-55.2627887867125,NA,NA,NA,NA
" 37.B.LYS",-85.0666476674037,-5.09270834248328,-73.9398130840183,176.718353343973,175.715748692665,156.038173143912,NA
" 38.B.ALA",-171.780889547092,175.882632651812,NA,NA,NA,NA,NA
" 39.B.ASP",-60.7289383928703,-41.3932012781742,51.6398960780333,172.030877362786,NA,NA,NA
" 40.B.TRP",-66.875266966876,-16.0144455482294,51.847323539796,-98.5957726920148,NA,NA,NA
" 41.B.ASP",-101.908097200766,8.81235685227343,-155.823728995751,37.2180451209236,NA,NA,NA
" 42.B.SER",-113.983960003181,118.734170074787,-37.4007978589576,NA,NA,NA,NA
" 43.B.PHE",-116.773044993819,152.476389434742,-65.3718232757113,80.9501305475998,NA,NA,NA
" 44.B.ASP",-72.4019999081163,-23.9782657638052,-64.1402712216119,-26.419624826223,NA,NA,NA
" 45.B.SER",-154.071575781101,165.825754760868,68.0091889166927,NA,NA,NA,NA
" 46.B.HIS",-63.5107924667091,-42.3976728508568,-170.633387092069,55.3040062781048,NA,NA,NA
" 47.B.ASN",-58.326927615952,-37.7699471417096,-75.5705787542448,-8.66880739590726,NA,NA,NA
" 48.B.GLU",-69.9818057355556,-40.0148187741277,-78.5421816220815,-52.8491812929623,103.827004861663,NA,NA
" 49.B.PHE",-61.0492277190396,-44.3073123421521,163.799452067531,77.3563491782084,NA,NA,NA
" 50.B.LEU",-67.4347935942251,-38.9864121678093,-62.1316566568137,178.008151180422,NA,NA,NA
" 51.B.ALA",-60.4012799368472,-44.4553817539937,NA,NA,NA,NA,NA
" 52.B.PHE",-59.6044386054387,-51.0253562536812,165.72530896956,-95.3872011293319,NA,NA,NA
" 53.B.THR",-60.0646760666695,-49.0171581871517,-62.0575613012101,NA,NA,NA,NA
" 54.B.TYR",-60.3581982121378,-33.7176764010574,-57.2622783708387,-17.839740585422,NA,NA,NA
" 55.B.ARG",-63.3190503260553,-47.9573662107662,-158.981049950427,-177.738970570967,-47.4339354851646,139.114435447716,NA
" 56.B.TRP",-72.6009923486519,-33.5557490432672,64.4077772589509,-105.305787906192,NA,NA,NA
" 57.B.ILE",-60.1451587047208,-45.037590580284,-75.6076765211271,169.582623456084,NA,NA,NA
" 58.B.ASP",-57.4697107959062,-41.6883533527421,-73.324106387405,-7.8133934459922,NA,NA,NA
" 59.B.LYS",-69.619935219119,-43.467656199854,-67.4864675390517,177.327770102427,-169.828073060864,-67.2732722166527,NA
" 60.B.VAL",-56.2198950286243,-43.0663116780771,168.613792913542,NA,NA,NA,NA
" 61.B.LEU",-60.6073827486437,-36.4242383016307,-59.0461135791759,-174.10723320633,NA,NA,NA
" 62.B.ASP",-65.706908235839,-27.4703515756294,-74.410063846197,166.293920793725,NA,NA,NA
" 63.B.LYS",-77.7374041677415,-26.4411599920073,-45.2959800256435,-53.9867149224154,166.225620148245,-179.68420663615,NA
" 64.B.LEU",-69.6294780601621,143.621148804957,-61.3218328501351,172.254522196201,NA,NA,NA
" 65.B.ASP",-72.3362849061431,173.062117135774,80.4513148762584,-172.252342211301,NA,NA,NA
" 66.B.LYS",-53.954221514112,-25.6117369553485,68.2590791534285,174.366946563167,175.689496129504,163.680228409184,NA
" 67.B.ASP",-118.61895638931,20.5186405690123,-64.7469084571032,-47.7474448553142,NA,NA,NA
" 68.B.GLY",-69.5128805855999,159.913411168796,NA,NA,NA,NA,NA
" 69.B.SER",-116.188369643751,157.846335851464,-71.4956996583187,NA,NA,NA,NA
" 70.B.LEU",-141.744768780832,131.422669709009,171.049329239706,64.3940372865246,NA,NA,NA
" 71.B.TYR",-123.965706755868,130.417242802459,-75.4298852157205,-107.052207094719,NA,NA,NA
" 72.B.ILE",-129.615656141042,125.27566547853,-68.5075719753285,171.721213629633,NA,NA,NA
" 73.B.PHE",-90.0056706765691,147.271732534651,-71.3440153112391,-96.6749370047523,NA,NA,NA
" 74.B.ASN",-172.343031171553,-176.322272325191,-129.799556870585,-85.4741707543609,NA,NA,NA
" 75.B.THR",-74.5551382457195,155.179679549066,59.1000466645102,NA,NA,NA,NA
" 76.B.PRO",-50.743379336426,-45.5607849428814,-23.6196526645394,30.4113439367882,NA,NA,NA
" 77.B.PHE",-57.6585981993717,-47.0491964564003,-177.841462922682,-99.9297272984066,NA,NA,NA
" 78.B.ASN",-71.2415270477801,-32.9233222089678,-67.4879744679843,-31.2135122258887,NA,NA,NA
" 79.B.CYS",-64.6461435236999,-25.6102218744859,-74.8538158441639,NA,NA,NA,NA
" 80.B.ALA",-57.5389748731602,-45.3098607016838,NA,NA,NA,NA,NA
" 81.B.PHE",-71.5419539531268,-39.598713555577,-66.9762272614477,83.6375248591017,NA,NA,NA
" 82.B.ILE",-65.3247439559966,-41.0672227746502,-67.1507477757272,166.09481164393,NA,NA,NA
" 83.B.CYS",-56.8421416732012,-50.4681974234188,179.845173366128,NA,NA,NA,NA
" 84.B.GLN",-63.4634667938468,-36.7897749698647,-176.754093748697,169.897207820165,-16.4113324890319,NA,NA
" 85.B.TYR",-63.0338457752768,-44.8511660315133,-173.305962984269,72.5025595977184,NA,NA,NA
" 86.B.LEU",-61.6706933819206,-39.2769242015908,-70.705812608723,168.614930136947,NA,NA,NA
" 87.B.VAL",-59.7270039984285,-43.7146411040539,176.151033851053,NA,NA,NA,NA
" 88.B.SER",-67.616497685509,-21.3098028942423,81.055935082803,NA,NA,NA,NA
" 89.B.LYS",-85.0913121511431,-3.46337192995035,-64.2247109003303,-67.3933735835863,-75.2717597887435,-177.324785490494,NA
" 90.B.GLY",95.0165859687558,2.2784309782634,NA,NA,NA,NA,NA
" 91.B.MET",-73.4316231662946,152.145427295323,-64.6383470760184,-71.9244800250855,-71.3619359431598,NA,NA
" 92.B.ILE",-100.134713797787,119.794820850239,-51.2811035314182,-57.474394679056,NA,NA,NA
" 93.B.PHE",-70.162288929662,135.675048938667,170.787561413468,82.2105534004319,NA,NA,NA
" 94.B.GLN",-113.128994551586,-56.1902682961792,-62.756602914418,-59.4364539592019,160.978728466219,NA,NA
" 95.B.ASN",-150.292104855687,153.683336800814,-70.5860594679237,105.592866563337,NA,NA,NA
" 96.B.TRP",-103.427432551872,94.3563503049586,-177.54618335048,-79.2480426272127,NA,NA,NA
" 97.B.ILE",-84.8919860460876,131.317008296522,-66.782314333921,162.112520990459,NA,NA,NA
" 98.B.THR",-106.577215386944,120.341782113647,-67.4360515325122,NA,NA,NA,NA
" 99.B.TRP",-94.5789753133399,105.061304725478,176.08775858369,19.2441748282757,NA,NA,NA
"100.B.ASP",-84.8497274365281,94.5774115709101,177.921199829713,-170.450578744102,NA,NA,NA
"101.B.LYS",-65.3468986674061,-18.8590194827101,-41.8527808235069,-134.787918181703,-74.4505481716071,-64.25319155419,NA
"102.B.ARG",54.9917662426956,40.2046685344371,-69.4593493846844,169.763663389555,160.767850668859,-162.789356246005,NA
"103.B.ASP",-82.1081387606384,114.851536274914,-109.056737257424,-10.6086923924827,NA,NA,NA
"104.B.GLY",-85.9024288243869,85.4356287806584,NA,NA,NA,NA,NA
"105.B.MET",-154.321510459592,30.0030267417955,46.2896486978792,150.132690524994,46.0007721763278,NA,NA
"106.B.GLY",-73.3600477612861,135.661126918081,NA,NA,NA,NA,NA
"107.B.SER",-150.35977628289,3.77400063865564,40.6629370867248,NA,NA,NA,NA
"108.B.ALA",-70.780236183656,133.996009183239,NA,NA,NA,NA,NA
"109.B.LYS",-121.372056813329,6.07487411659141,-78.22970519247,171.572329787929,-177.128742150258,-176.918249592219,NA
"110.B.ARG",-113.661800494013,2.39708313169077,-58.6071552539519,-67.6615728591996,-71.4032036138646,137.112980968126,NA
"111.B.ARG",-171.834662046803,174.701926077377,69.0031442833546,-177.955530412635,53.7588599122324,78.1788823149766,NA
"112.B.PHE",-66.5739069155679,148.366850279831,-66.8158601260207,-84.2208853715117,NA,NA,NA
"113.B.SER",-62.9104864869256,141.976354464623,-62.2159611998353,NA,NA,NA,NA
"114.B.THR",-99.8477691914177,-179.795264585672,51.4195068100642,NA,NA,NA,NA
"115.B.GLY",141.142116163233,-37.7136770138312,NA,NA,NA,NA,NA
"116.B.GLN",-52.9606318669877,151.201169114085,124.407357741292,-176.646907652462,74.2002140418706,NA,NA
"117.B.GLU",-129.977419576455,153.754616392757,-65.4988641393611,179.451468358159,26.84515160701,NA,NA
"118.B.THR",-115.126333427344,149.692321948836,-64.416506175224,NA,NA,NA,NA
"119.B.ILE",-126.714450191137,116.203695517865,-37.4064473355839,176.836747911956,NA,NA,NA
"120.B.LEU",-83.4783766864294,131.348360388637,-70.4590288818829,173.102728968259,NA,NA,NA
"121.B.PHE",-121.869871271612,114.403087764245,160.838954914606,32.4894595103743,NA,NA,NA
"122.B.PHE",-127.513975812212,159.151778501525,-82.522181764875,72.0801534468363,NA,NA,NA
"123.B.SER",-129.626258749193,161.010771864258,57.1688934786658,NA,NA,NA,NA
"124.B.LYS",-76.4825321955551,-23.0137070554661,-66.9912483139824,-90.0560537485933,-73.0894621618005,-162.824648887782,NA
"125.B.SER",-149.757916288774,-179.952827233579,68.3459869200656,NA,NA,NA,NA
"126.B.LYS",-85.2893523614724,1.22567712321989,-64.709149259883,171.341574375758,170.772033016697,166.219257098572,NA
"127.B.ASN",-107.270204564915,32.7045494332682,-54.8017768995592,-53.3016510318728,NA,NA,NA
"128.B.HIS",-71.0428589309987,166.012574462797,58.8036296690903,-68.391184982876,NA,NA,NA
"129.B.THR",-79.4746132550967,126.822107365039,-69.2272014099649,NA,NA,NA,NA
"130.B.PHE",-142.29602475295,101.204139127315,-166.544044201267,76.2299442982446,NA,NA,NA
"131.B.ASN",-88.492738813502,73.580724775219,-62.0959667265939,-50.9927244068392,NA,NA,NA
"132.B.TYR",-58.4038109738206,-27.8083370137899,58.0575929821933,86.9239712811981,NA,NA,NA
"133.B.ASP",-81.3686757367241,-5.19382644563456,-90.1684602004913,-23.0508506535415,NA,NA,NA
"134.B.GLU",-96.0429506516414,-3.62521569569254,-63.6022998522979,-63.2020917873158,-51.2242278790622,NA,NA
"135.B.VAL",-134.024024747279,27.1859901878615,-65.7825713074992,NA,NA,NA,NA
"136.B.ARG",-60.9666149949985,152.113396663415,-70.4538281912303,171.061629076869,172.276200097017,-85.5667900807279,NA
"137.B.VAL",-128.365140791731,163.296209729004,-64.3111593647156,NA,NA,NA,NA
"138.B.PRO",-61.919404715937,152.234986774251,-14.2961767079466,26.4626566128338,NA,NA,NA
"139.B.TYR",-70.9133011662685,-126.588312242374,-73.9722973087344,77.3181953264667,NA,NA,NA
"152.B.GLY",-32.9009349280392,-132.007863718498,NA,NA,NA,NA,NA
"153.B.ILE",-91.9508172638111,133.315721415295,-66.9239196525407,170.841090369881,NA,NA,NA
"154.B.LEU",-81.8472708720341,131.528940070306,175.636600746628,55.9385320586017,NA,NA,NA
"155.B.LYS",-161.179794330231,112.545002947962,174.327721508668,-152.667715893059,165.457974734849,-166.474654670086,NA
"156.B.ASN",66.8131450698244,31.3999657341386,-69.1405124021942,-167.807082495961,NA,NA,NA
"157.B.GLY",87.4904800459363,-11.6012617722547,NA,NA,NA,NA,NA
"158.B.LYS",-105.295010270432,167.936992044518,-67.6855179048625,163.963017232983,171.398521385228,-179.053610717864,NA
"159.B.ARG",-116.841542621047,131.30123579304,-60.6663603383898,-88.4746715885659,162.548424405107,174.802184208822,NA
"160.B.TRP",-133.711089114018,153.247795021434,-53.3473645750121,80.9619392174844,NA,NA,NA
"161.B.PHE",-93.9863415778459,144.257066484567,-81.5879473853433,123.141723445992,NA,NA,NA
"162.B.PRO",-62.8452139380909,152.030581600618,23.4619948282728,-35.5105610265965,NA,NA,NA
"163.B.ASN",-58.9342774812892,129.782989882548,-174.11661355522,-37.5469709928326,NA,NA,NA
"164.B.PRO",-66.82966197031,-15.2941854102917,26.2371488973714,-36.9037160839189,NA,NA,NA
"165.B.ASN",-90.131402916272,-6.07536355851764,-69.5451326480547,-31.0014140916227,NA,NA,NA
"166.B.GLY",105.076326178775,172.560271443103,NA,NA,NA,NA,NA
"167.B.ARG",-99.2490957645412,162.050258720973,55.4732975397958,-177.119121368988,176.295803297993,160.881926961354,NA
"168.B.LEU",-62.4398040386411,138.391797881519,-68.3334687872416,166.607326883367,NA,NA,NA
"169.B.CYS",-68.8050119067366,138.139032705711,-170.429060115071,NA,NA,NA,NA
"170.B.GLY",-100.735831409162,-158.643202868925,NA,NA,NA,NA,NA
"171.B.GLU",-104.081297242796,-7.65097161428155,-61.553700075358,176.138259024699,-54.9589462673385,NA,NA
"172.B.VAL",-103.115832472884,113.437600659567,179.20031010902,NA,NA,NA,NA
"173.B.TRP",-107.771438769186,142.222943385939,-63.2478551543943,-3.36899755723852,NA,NA,NA
"174.B.HIS",-124.357126777501,115.9961661077,-39.3672833154261,73.3015067211358,NA,NA,NA
"175.B.PHE",-143.445977036184,124.331778054278,-73.9621723101872,106.014207301644,NA,NA,NA
"176.B.SER",-63.0180177025675,-166.68741070091,40.6625964023689,NA,NA,NA,NA
"177.B.SER",-81.3145440844016,177.670482171183,147.022416331669,NA,NA,NA,NA
"194.B.ILE",-3.76177050279759,153.782160330315,56.4193859637264,171.873133439387,NA,NA,NA
"195.B.THR",-109.887565530948,105.663534765951,-50.2431116592909,NA,NA,NA,NA
"196.B.PRO",-52.8411261612465,141.0483468982,-18.1815862757378,24.7219572900829,NA,NA,NA
"197.B.LYS",-69.8486696769609,151.157032727993,-68.7816667194197,-70.252747772135,-176.298421939783,-74.6092304730287,NA
"198.B.PRO",-60.8816641155457,131.547628932598,-22.3088991312478,33.3451796941996,NA,NA,NA
"199.B.ARG",-60.1104818879154,-37.0224457475285,-47.4316059261206,-81.5098731703363,-149.736619907265,73.688178180284,NA
"200.B.ASP",-62.489501012081,-34.2606005260814,-69.8347970472313,-3.23378668701832,NA,NA,NA
"201.B.LEU",-67.7482422604842,-46.3517542661726,-173.976186924701,156.786044946218,NA,NA,NA
"202.B.ILE",-65.5880473093426,-36.1559051393516,-63.9840042196214,-62.1748073546749,NA,NA,NA
"203.B.GLU",-62.481539712269,-39.2539006579905,165.280355408971,177.731861441178,10.766898907557,NA,NA
"204.B.ARG",-58.9477543172786,-44.1773418772786,170.308832743781,175.934658395174,-60.9036606266364,170.035764949045,NA
"205.B.ILE",-64.3086689097057,-46.8770355633654,-68.2293156202746,174.404072712412,NA,NA,NA
"206.B.ILE",-72.4808207136469,-34.1818973978308,-73.5872660223562,172.336194455039,NA,NA,NA
"207.B.ARG",-67.4130044313028,-38.8345266920414,-71.6325433025544,-168.690707378327,-177.76580697358,-81.4994182478543,NA
"208.B.ALA",-68.0558834630826,-43.1678260800921,NA,NA,NA,NA,NA
"209.B.SER",-115.49662211724,20.983905863565,-71.448520817616,NA,NA,NA,NA
"210.B.SER",-153.903631476218,167.55260788964,70.2193037808631,NA,NA,NA,NA
"211.B.ASN",-120.500056581591,166.088196201678,-64.8588968939817,-42.765585861541,NA,NA,NA
"212.B.PRO",-51.4019406445616,141.171446924901,-40.3749341646035,48.9138194285592,NA,NA,NA
"213.B.ASN",74.3738817410717,-7.78284834654776,-59.685384943857,-43.9059073446571,NA,NA,NA
"214.B.ASP",-65.7879559728335,166.51326186214,-77.8123983071121,-6.87343547085495,NA,NA,NA
"215.B.LEU",-106.239978436343,127.649799493246,178.541898675631,61.0071962210468,NA,NA,NA
"216.B.VAL",-107.690850335355,131.796868748866,-178.220089911781,NA,NA,NA,NA
"217.B.LEU",-111.48471693078,142.533406285942,160.578346519113,66.9761190520997,NA,NA,NA
"218.B.ASP",-146.851146028061,115.964294232511,-179.904589038364,169.915317367435,NA,NA,NA
"219.B.CYS",-95.5986810794663,9.90019916930487,56.1483951170185,NA,NA,NA,NA
"220.B.PHE",-139.58644197951,62.2935463453476,-58.4658179393887,103.402883480278,NA,NA,NA
"221.B.MET",-57.6576503669825,-34.7688542404688,-80.5037931507432,-71.0858395224482,-177.407755432206,NA,NA
"222.B.GLY",58.4747301443752,-122.060515351484,NA,NA,NA,NA,NA
"223.B.SER",-73.24301740373,-10.7040500848573,68.0615497091348,NA,NA,NA,NA
"224.B.GLY",99.5615421679297,10.9038621816055,NA,NA,NA,NA,NA
"225.B.THR",-50.5984756248719,-46.4687690833286,-50.767528378785,NA,NA,NA,NA
"226.B.THR",-60.0265355620393,-46.8289182464044,-60.0525398971851,NA,NA,NA,NA
"227.B.ALA",-61.7910315304036,-44.3220749040603,NA,NA,NA,NA,NA
"228.B.ILE",-62.1663932539423,-45.0097756714222,-66.4690521830798,153.487411792585,NA,NA,NA
"229.B.VAL",-71.0681779061586,-39.1563333068583,169.385747347181,NA,NA,NA,NA
"230.B.ALA",-59.5981437002617,-45.0224514513163,NA,NA,NA,NA,NA
"231.B.LYS",-64.0948529053341,-41.2671861266971,-172.723264587178,174.329488656276,166.974483308747,167.2022331759,NA
"232.B.LYS",-64.6115078737944,-29.2536051700894,-73.9995077677016,174.837922876637,177.727949800431,-146.542909967154,NA
"233.B.LEU",-89.6449011675564,3.49384485760601,-63.2990283818605,179.897229713909,NA,NA,NA
"234.B.GLY",77.7432932745296,24.7394383378506,NA,NA,NA,NA,NA
"235.B.ARG",-105.757163322886,156.050272343581,-88.3788240460776,72.4132200349121,166.838392707297,163.426137686893,NA
"236.B.ASN",-82.6866671995542,158.472237886784,-69.2528505935869,-62.0895226260775,NA,NA,NA
"237.B.PHE",-144.581600817686,165.568967387417,65.1027312224794,-90.328928725145,NA,NA,NA
"238.B.ILE",-154.933755499214,144.7120657876,-165.30930342901,164.364938258659,NA,NA,NA
"239.B.GLY",-174.679408217852,-175.279242994714,NA,NA,NA,NA,NA
"240.B.CYS",-157.242530137083,167.100223405026,61.2160358883408,NA,NA,NA,NA
"241.B.ASP",-157.530447251011,140.356438351838,-166.258550982915,-67.917962663719,NA,NA,NA
"242.B.MET",-72.7453796081143,-23.5046734183817,64.639249270213,-170.966655391238,-62.7457859488474,NA,NA
"243.B.ASN",-74.6818415644113,112.79242030828,-168.072464719789,-63.7451903481532,NA,NA,NA
"244.B.ALA",-58.6813482633211,-41.4475824650887,NA,NA,NA,NA,NA
"245.B.GLU",-63.8812373001114,-41.9848264844232,-79.7576050306647,165.109137776583,51.3324433679358,NA,NA
"246.B.TYR",-63.5720443560624,-48.8385131338681,-59.1005443723134,165.560048523005,NA,NA,NA
"247.B.VAL",-56.8057627085867,-52.390665866696,177.590232793669,NA,NA,NA,NA
"248.B.ASN",-56.2212923401476,-50.1420754487339,-59.8880533047648,-36.9701908786898,NA,NA,NA
"249.B.GLN",-62.9059120666187,-43.6751730437799,-162.222006184244,40.804454581105,-138.520449664506,NA,NA
"250.B.ALA",-60.9641250811377,-44.5484046231146,NA,NA,NA,NA,NA
"251.B.ASN",-63.0615656073152,-34.5754362447377,-82.6047757116944,-31.1086642000473,NA,NA,NA
"252.B.PHE",-57.9160968056096,-57.0234666818813,175.391947046531,-88.3162910404327,NA,NA,NA
"253.B.VAL",-57.6182757983397,-41.6080941697788,-177.558016228103,NA,NA,NA,NA
"254.B.LEU",-62.700201816543,-43.7961004734666,-88.5826747641846,-25.2086031749524,NA,NA,NA
"255.B.ASN",-62.6630400282277,-39.579924026493,-63.5835156987729,-36.666751889871,NA,NA,NA
"256.B.GLN",-65.9625432753024,NA,-60.8741926338519,-52.1565372280022,-50.2102722443167,NA,NA
"401.A.NA",NA,NA,NA,NA,NA,NA,NA
"500.A.SAM",NA,NA,-87.0465585030014,-179.606007479202,-74.8217952730437,NA,NA
"402.B.NA",NA,NA,NA,NA,NA,NA,NA
"501.B.SAM",NA,NA,-85.5736738219262,175.053599166623,-66.5264470080224,NA,NA
"501.A.HOH",NA,NA,NA,NA,NA,NA,NA
"502.A.HOH",NA,NA,NA,NA,NA,NA,NA
"503.A.HOH",NA,NA,NA,NA,NA,NA,NA
"504.A.HOH",NA,NA,NA,NA,NA,NA,NA
"505.A.HOH",NA,NA,NA,NA,NA,NA,NA
"506.A.HOH",NA,NA,NA,NA,NA,NA,NA
"507.A.HOH",NA,NA,NA,NA,NA,NA,NA
"508.A.HOH",NA,NA,NA,NA,NA,NA,NA
"509.A.HOH",NA,NA,NA,NA,NA,NA,NA
"510.A.HOH",NA,NA,NA,NA,NA,NA,NA
"511.A.HOH",NA,NA,NA,NA,NA,NA,NA
"512.A.HOH",NA,NA,NA,NA,NA,NA,NA
"513.A.HOH",NA,NA,NA,NA,NA,NA,NA
"514.A.HOH",NA,NA,NA,NA,NA,NA,NA
"515.A.HOH",NA,NA,NA,NA,NA,NA,NA
"516.A.HOH",NA,NA,NA,NA,NA,NA,NA
"517.A.HOH",NA,NA,NA,NA,NA,NA,NA
"518.A.HOH",NA,NA,NA,NA,NA,NA,NA
"519.A.HOH",NA,NA,NA,NA,NA,NA,NA
"520.A.HOH",NA,NA,NA,NA,NA,NA,NA
"521.A.HOH",NA,NA,NA,NA,NA,NA,NA
"522.A.HOH",NA,NA,NA,NA,NA,NA,NA
"523.A.HOH",NA,NA,NA,NA,NA,NA,NA
"524.A.HOH",NA,NA,NA,NA,NA,NA,NA
"525.A.HOH",NA,NA,NA,NA,NA,NA,NA
"526.A.HOH",NA,NA,NA,NA,NA,NA,NA
"527.A.HOH",NA,NA,NA,NA,NA,NA,NA
"528.A.HOH",NA,NA,NA,NA,NA,NA,NA
"529.A.HOH",NA,NA,NA,NA,NA,NA,NA
"530.A.HOH",NA,NA,NA,NA,NA,NA,NA
"531.A.HOH",NA,NA,NA,NA,NA,NA,NA
"532.A.HOH",NA,NA,NA,NA,NA,NA,NA
"533.A.HOH",NA,NA,NA,NA,NA,NA,NA
"534.A.HOH",NA,NA,NA,NA,NA,NA,NA
"535.A.HOH",NA,NA,NA,NA,NA,NA,NA
"536.A.HOH",NA,NA,NA,NA,NA,NA,NA
"537.A.HOH",NA,NA,NA,NA,NA,NA,NA
"538.A.HOH",NA,NA,NA,NA,NA,NA,NA
"539.A.HOH",NA,NA,NA,NA,NA,NA,NA
"540.A.HOH",NA,NA,NA,NA,NA,NA,NA
"541.A.HOH",NA,NA,NA,NA,NA,NA,NA
"542.A.HOH",NA,NA,NA,NA,NA,NA,NA
"543.A.HOH",NA,NA,NA,NA,NA,NA,NA
"544.A.HOH",NA,NA,NA,NA,NA,NA,NA
"545.A.HOH",NA,NA,NA,NA,NA,NA,NA
"546.A.HOH",NA,NA,NA,NA,NA,NA,NA
"547.A.HOH",NA,NA,NA,NA,NA,NA,NA
"548.A.HOH",NA,NA,NA,NA,NA,NA,NA
"549.A.HOH",NA,NA,NA,NA,NA,NA,NA
"550.A.HOH",NA,NA,NA,NA,NA,NA,NA
"551.A.HOH",NA,NA,NA,NA,NA,NA,NA
"552.A.HOH",NA,NA,NA,NA,NA,NA,NA
"553.A.HOH",NA,NA,NA,NA,NA,NA,NA
"554.A.HOH",NA,NA,NA,NA,NA,NA,NA
"555.A.HOH",NA,NA,NA,NA,NA,NA,NA
"556.A.HOH",NA,NA,NA,NA,NA,NA,NA
"557.A.HOH",NA,NA,NA,NA,NA,NA,NA
"558.A.HOH",NA,NA,NA,NA,NA,NA,NA
"559.A.HOH",NA,NA,NA,NA,NA,NA,NA
"560.A.HOH",NA,NA,NA,NA,NA,NA,NA
"561.A.HOH",NA,NA,NA,NA,NA,NA,NA
"562.A.HOH",NA,NA,NA,NA,NA,NA,NA
"563.A.HOH",NA,NA,NA,NA,NA,NA,NA
"564.A.HOH",NA,NA,NA,NA,NA,NA,NA
"565.A.HOH",NA,NA,NA,NA,NA,NA,NA
"566.A.HOH",NA,NA,NA,NA,NA,NA,NA
"567.A.HOH",NA,NA,NA,NA,NA,NA,NA
"568.A.HOH",NA,NA,NA,NA,NA,NA,NA
"569.A.HOH",NA,NA,NA,NA,NA,NA,NA
"570.A.HOH",NA,NA,NA,NA,NA,NA,NA
"571.A.HOH",NA,NA,NA,NA,NA,NA,NA
"572.A.HOH",NA,NA,NA,NA,NA,NA,NA
"573.A.HOH",NA,NA,NA,NA,NA,NA,NA
"574.A.HOH",NA,NA,NA,NA,NA,NA,NA
"575.A.HOH",NA,NA,NA,NA,NA,NA,NA
"576.A.HOH",NA,NA,NA,NA,NA,NA,NA
"577.A.HOH",NA,NA,NA,NA,NA,NA,NA
"578.A.HOH",NA,NA,NA,NA,NA,NA,NA
"579.A.HOH",NA,NA,NA,NA,NA,NA,NA
"580.A.HOH",NA,NA,NA,NA,NA,NA,NA
"581.A.HOH",NA,NA,NA,NA,NA,NA,NA
"582.A.HOH",NA,NA,NA,NA,NA,NA,NA
"583.A.HOH",NA,NA,NA,NA,NA,NA,NA
"584.A.HOH",NA,NA,NA,NA,NA,NA,NA
"585.A.HOH",NA,NA,NA,NA,NA,NA,NA
"586.A.HOH",NA,NA,NA,NA,NA,NA,NA
"587.A.HOH",NA,NA,NA,NA,NA,NA,NA
"588.A.HOH",NA,NA,NA,NA,NA,NA,NA
"589.A.HOH",NA,NA,NA,NA,NA,NA,NA
"590.A.HOH",NA,NA,NA,NA,NA,NA,NA
"591.A.HOH",NA,NA,NA,NA,NA,NA,NA
"592.A.HOH",NA,NA,NA,NA,NA,NA,NA
"593.A.HOH",NA,NA,NA,NA,NA,NA,NA
"594.A.HOH",NA,NA,NA,NA,NA,NA,NA
"595.A.HOH",NA,NA,NA,NA,NA,NA,NA
"596.A.HOH",NA,NA,NA,NA,NA,NA,NA
"597.A.HOH",NA,NA,NA,NA,NA,NA,NA
"598.A.HOH",NA,NA,NA,NA,NA,NA,NA
"599.A.HOH",NA,NA,NA,NA,NA,NA,NA
"600.A.HOH",NA,NA,NA,NA,NA,NA,NA
"601.A.HOH",NA,NA,NA,NA,NA,NA,NA
"602.A.HOH",NA,NA,NA,NA,NA,NA,NA
"603.A.HOH",NA,NA,NA,NA,NA,NA,NA
"604.A.HOH",NA,NA,NA,NA,NA,NA,NA
"605.A.HOH",NA,NA,NA,NA,NA,NA,NA
"606.A.HOH",NA,NA,NA,NA,NA,NA,NA
"607.A.HOH",NA,NA,NA,NA,NA,NA,NA
"608.A.HOH",NA,NA,NA,NA,NA,NA,NA
"609.A.HOH",NA,NA,NA,NA,NA,NA,NA
"610.A.HOH",NA,NA,NA,NA,NA,NA,NA
"611.A.HOH",NA,NA,NA,NA,NA,NA,NA
"612.A.HOH",NA,NA,NA,NA,NA,NA,NA
"613.A.HOH",NA,NA,NA,NA,NA,NA,NA
"614.A.HOH",NA,NA,NA,NA,NA,NA,NA
"615.A.HOH",NA,NA,NA,NA,NA,NA,NA
"616.A.HOH",NA,NA,NA,NA,NA,NA,NA
"617.A.HOH",NA,NA,NA,NA,NA,NA,NA
"618.A.HOH",NA,NA,NA,NA,NA,NA,NA
"619.A.HOH",NA,NA,NA,NA,NA,NA,NA
"620.A.HOH",NA,NA,NA,NA,NA,NA,NA
"621.A.HOH",NA,NA,NA,NA,NA,NA,NA
"622.A.HOH",NA,NA,NA,NA,NA,NA,NA
"623.A.HOH",NA,NA,NA,NA,NA,NA,NA
"624.A.HOH",NA,NA,NA,NA,NA,NA,NA
"625.A.HOH",NA,NA,NA,NA,NA,NA,NA
"626.A.HOH",NA,NA,NA,NA,NA,NA,NA
"627.A.HOH",NA,NA,NA,NA,NA,NA,NA
"628.A.HOH",NA,NA,NA,NA,NA,NA,NA
"629.A.HOH",NA,NA,NA,NA,NA,NA,NA
"630.A.HOH",NA,NA,NA,NA,NA,NA,NA
"631.A.HOH",NA,NA,NA,NA,NA,NA,NA
"632.A.HOH",NA,NA,NA,NA,NA,NA,NA
"633.A.HOH",NA,NA,NA,NA,NA,NA,NA
"634.A.HOH",NA,NA,NA,NA,NA,NA,NA
"635.A.HOH",NA,NA,NA,NA,NA,NA,NA
"636.A.HOH",NA,NA,NA,NA,NA,NA,NA
"637.A.HOH",NA,NA,NA,NA,NA,NA,NA
"638.A.HOH",NA,NA,NA,NA,NA,NA,NA
"639.A.HOH",NA,NA,NA,NA,NA,NA,NA
"640.A.HOH",NA,NA,NA,NA,NA,NA,NA
"641.A.HOH",NA,NA,NA,NA,NA,NA,NA
"642.A.HOH",NA,NA,NA,NA,NA,NA,NA
"643.A.HOH",NA,NA,NA,NA,NA,NA,NA
"644.A.HOH",NA,NA,NA,NA,NA,NA,NA
"645.A.HOH",NA,NA,NA,NA,NA,NA,NA
"646.A.HOH",NA,NA,NA,NA,NA,NA,NA
"647.A.HOH",NA,NA,NA,NA,NA,NA,NA
"648.A.HOH",NA,NA,NA,NA,NA,NA,NA
"649.A.HOH",NA,NA,NA,NA,NA,NA,NA
"650.A.HOH",NA,NA,NA,NA,NA,NA,NA
"651.A.HOH",NA,NA,NA,NA,NA,NA,NA
"652.A.HOH",NA,NA,NA,NA,NA,NA,NA
"653.A.HOH",NA,NA,NA,NA,NA,NA,NA
"654.A.HOH",NA,NA,NA,NA,NA,NA,NA
"655.A.HOH",NA,NA,NA,NA,NA,NA,NA
"656.A.HOH",NA,NA,NA,NA,NA,NA,NA
"657.A.HOH",NA,NA,NA,NA,NA,NA,NA
"658.A.HOH",NA,NA,NA,NA,NA,NA,NA
"659.A.HOH",NA,NA,NA,NA,NA,NA,NA
"660.A.HOH",NA,NA,NA,NA,NA,NA,NA
"661.A.HOH",NA,NA,NA,NA,NA,NA,NA
"662.A.HOH",NA,NA,NA,NA,NA,NA,NA
"663.A.HOH",NA,NA,NA,NA,NA,NA,NA
"664.A.HOH",NA,NA,NA,NA,NA,NA,NA
"665.A.HOH",NA,NA,NA,NA,NA,NA,NA
"666.A.HOH",NA,NA,NA,NA,NA,NA,NA
"667.A.HOH",NA,NA,NA,NA,NA,NA,NA
"668.A.HOH",NA,NA,NA,NA,NA,NA,NA
"669.A.HOH",NA,NA,NA,NA,NA,NA,NA
"670.A.HOH",NA,NA,NA,NA,NA,NA,NA
"671.A.HOH",NA,NA,NA,NA,NA,NA,NA
"672.A.HOH",NA,NA,NA,NA,NA,NA,NA
"673.A.HOH",NA,NA,NA,NA,NA,NA,NA
"674.A.HOH",NA,NA,NA,NA,NA,NA,NA
"675.A.HOH",NA,NA,NA,NA,NA,NA,NA
"676.A.HOH",NA,NA,NA,NA,NA,NA,NA
"677.A.HOH",NA,NA,NA,NA,NA,NA,NA
"678.A.HOH",NA,NA,NA,NA,NA,NA,NA
"679.A.HOH",NA,NA,NA,NA,NA,NA,NA
"680.A.HOH",NA,NA,NA,NA,NA,NA,NA
"681.A.HOH",NA,NA,NA,NA,NA,NA,NA
"682.A.HOH",NA,NA,NA,NA,NA,NA,NA
"683.A.HOH",NA,NA,NA,NA,NA,NA,NA
"684.A.HOH",NA,NA,NA,NA,NA,NA,NA
"685.A.HOH",NA,NA,NA,NA,NA,NA,NA
"686.A.HOH",NA,NA,NA,NA,NA,NA,NA
"687.A.HOH",NA,NA,NA,NA,NA,NA,NA
"688.A.HOH",NA,NA,NA,NA,NA,NA,NA
"689.A.HOH",NA,NA,NA,NA,NA,NA,NA
"690.A.HOH",NA,NA,NA,NA,NA,NA,NA
"691.A.HOH",NA,NA,NA,NA,NA,NA,NA
"692.A.HOH",NA,NA,NA,NA,NA,NA,NA
"693.A.HOH",NA,NA,NA,NA,NA,NA,NA
"694.A.HOH",NA,NA,NA,NA,NA,NA,NA
"695.A.HOH",NA,NA,NA,NA,NA,NA,NA
"502.B.HOH",NA,NA,NA,NA,NA,NA,NA
"503.B.HOH",NA,NA,NA,NA,NA,NA,NA
"504.B.HOH",NA,NA,NA,NA,NA,NA,NA
"505.B.HOH",NA,NA,NA,NA,NA,NA,NA
"506.B.HOH",NA,NA,NA,NA,NA,NA,NA
"507.B.HOH",NA,NA,NA,NA,NA,NA,NA
"508.B.HOH",NA,NA,NA,NA,NA,NA,NA
"509.B.HOH",NA,NA,NA,NA,NA,NA,NA
"510.B.HOH",NA,NA,NA,NA,NA,NA,NA
"511.B.HOH",NA,NA,NA,NA,NA,NA,NA
"512.B.HOH",NA,NA,NA,NA,NA,NA,NA
"513.B.HOH",NA,NA,NA,NA,NA,NA,NA
"514.B.HOH",NA,NA,NA,NA,NA,NA,NA
"515.B.HOH",NA,NA,NA,NA,NA,NA,NA
"516.B.HOH",NA,NA,NA,NA,NA,NA,NA
"517.B.HOH",NA,NA,NA,NA,NA,NA,NA
"518.B.HOH",NA,NA,NA,NA,NA,NA,NA
"519.B.HOH",NA,NA,NA,NA,NA,NA,NA
"520.B.HOH",NA,NA,NA,NA,NA,NA,NA
"521.B.HOH",NA,NA,NA,NA,NA,NA,NA
"522.B.HOH",NA,NA,NA,NA,NA,NA,NA
"523.B.HOH",NA,NA,NA,NA,NA,NA,NA
"524.B.HOH",NA,NA,NA,NA,NA,NA,NA
"525.B.HOH",NA,NA,NA,NA,NA,NA,NA
"526.B.HOH",NA,NA,NA,NA,NA,NA,NA
"527.B.HOH",NA,NA,NA,NA,NA,NA,NA
"528.B.HOH",NA,NA,NA,NA,NA,NA,NA
"529.B.HOH",NA,NA,NA,NA,NA,NA,NA
"530.B.HOH",NA,NA,NA,NA,NA,NA,NA
"531.B.HOH",NA,NA,NA,NA,NA,NA,NA
"532.B.HOH",NA,NA,NA,NA,NA,NA,NA
"533.B.HOH",NA,NA,NA,NA,NA,NA,NA
"534.B.HOH",NA,NA,NA,NA,NA,NA,NA
"535.B.HOH",NA,NA,NA,NA,NA,NA,NA
"536.B.HOH",NA,NA,NA,NA,NA,NA,NA
"537.B.HOH",NA,NA,NA,NA,NA,NA,NA
"538.B.HOH",NA,NA,NA,NA,NA,NA,NA
"539.B.HOH",NA,NA,NA,NA,NA,NA,NA
"540.B.HOH",NA,NA,NA,NA,NA,NA,NA
"541.B.HOH",NA,NA,NA,NA,NA,NA,NA
"542.B.HOH",NA,NA,NA,NA,NA,NA,NA
"543.B.HOH",NA,NA,NA,NA,NA,NA,NA
"544.B.HOH",NA,NA,NA,NA,NA,NA,NA
"545.B.HOH",NA,NA,NA,NA,NA,NA,NA
"546.B.HOH",NA,NA,NA,NA,NA,NA,NA
"547.B.HOH",NA,NA,NA,NA,NA,NA,NA
"548.B.HOH",NA,NA,NA,NA,NA,NA,NA
"549.B.HOH",NA,NA,NA,NA,NA,NA,NA
"550.B.HOH",NA,NA,NA,NA,NA,NA,NA
"551.B.HOH",NA,NA,NA,NA,NA,NA,NA
"552.B.HOH",NA,NA,NA,NA,NA,NA,NA
"553.B.HOH",NA,NA,NA,NA,NA,NA,NA
"554.B.HOH",NA,NA,NA,NA,NA,NA,NA
"555.B.HOH",NA,NA,NA,NA,NA,NA,NA
"556.B.HOH",NA,NA,NA,NA,NA,NA,NA
"557.B.HOH",NA,NA,NA,NA,NA,NA,NA
"558.B.HOH",NA,NA,NA,NA,NA,NA,NA
"559.B.HOH",NA,NA,NA,NA,NA,NA,NA
"560.B.HOH",NA,NA,NA,NA,NA,NA,NA
"561.B.HOH",NA,NA,NA,NA,NA,NA,NA
"562.B.HOH",NA,NA,NA,NA,NA,NA,NA
"563.B.HOH",NA,NA,NA,NA,NA,NA,NA
"564.B.HOH",NA,NA,NA,NA,NA,NA,NA
"565.B.HOH",NA,NA,NA,NA,NA,NA,NA
"566.B.HOH",NA,NA,NA,NA,NA,NA,NA
"567.B.HOH",NA,NA,NA,NA,NA,NA,NA
"568.B.HOH",NA,NA,NA,NA,NA,NA,NA
"569.B.HOH",NA,NA,NA,NA,NA,NA,NA
"570.B.HOH",NA,NA,NA,NA,NA,NA,NA
"571.B.HOH",NA,NA,NA,NA,NA,NA,NA
"572.B.HOH",NA,NA,NA,NA,NA,NA,NA
"573.B.HOH",NA,NA,NA,NA,NA,NA,NA
"574.B.HOH",NA,NA,NA,NA,NA,NA,NA
"575.B.HOH",NA,NA,NA,NA,NA,NA,NA
"576.B.HOH",NA,NA,NA,NA,NA,NA,NA
"577.B.HOH",NA,NA,NA,NA,NA,NA,NA
"578.B.HOH",NA,NA,NA,NA,NA,NA,NA
"579.B.HOH",NA,NA,NA,NA,NA,NA,NA
"580.B.HOH",NA,NA,NA,NA,NA,NA,NA
"581.B.HOH",NA,NA,NA,NA,NA,NA,NA
"582.B.HOH",NA,NA,NA,NA,NA,NA,NA
"583.B.HOH",NA,NA,NA,NA,NA,NA,NA
"584.B.HOH",NA,NA,NA,NA,NA,NA,NA
"585.B.HOH",NA,NA,NA,NA,NA,NA,NA
"586.B.HOH",NA,NA,NA,NA,NA,NA,NA
"587.B.HOH",NA,NA,NA,NA,NA,NA,NA
"588.B.HOH",NA,NA,NA,NA,NA,NA,NA
"589.B.HOH",NA,NA,NA,NA,NA,NA,NA
"590.B.HOH",NA,NA,NA,NA,NA,NA,NA
"591.B.HOH",NA,NA,NA,NA,NA,NA,NA
"592.B.HOH",NA,NA,NA,NA,NA,NA,NA
"593.B.HOH",NA,NA,NA,NA,NA,NA,NA
"594.B.HOH",NA,NA,NA,NA,NA,NA,NA
"595.B.HOH",NA,NA,NA,NA,NA,NA,NA
"596.B.HOH",NA,NA,NA,NA,NA,NA,NA
"597.B.HOH",NA,NA,NA,NA,NA,NA,NA
"598.B.HOH",NA,NA,NA,NA,NA,NA,NA
"599.B.HOH",NA,NA,NA,NA,NA,NA,NA
"600.B.HOH",NA,NA,NA,NA,NA,NA,NA
"601.B.HOH",NA,NA,NA,NA,NA,NA,NA
"602.B.HOH",NA,NA,NA,NA,NA,NA,NA
"603.B.HOH",NA,NA,NA,NA,NA,NA,NA
"604.B.HOH",NA,NA,NA,NA,NA,NA,NA
"605.B.HOH",NA,NA,NA,NA,NA,NA,NA
"606.B.HOH",NA,NA,NA,NA,NA,NA,NA
"607.B.HOH",NA,NA,NA,NA,NA,NA,NA
"608.B.HOH",NA,NA,NA,NA,NA,NA,NA
"609.B.HOH",NA,NA,NA,NA,NA,NA,NA
"610.B.HOH",NA,NA,NA,NA,NA,NA,NA
"611.B.HOH",NA,NA,NA,NA,NA,NA,NA
"612.B.HOH",NA,NA,NA,NA,NA,NA,NA
"613.B.HOH",NA,NA,NA,NA,NA,NA,NA
"614.B.HOH",NA,NA,NA,NA,NA,NA,NA
"615.B.HOH",NA,NA,NA,NA,NA,NA,NA
"616.B.HOH",NA,NA,NA,NA,NA,NA,NA
"617.B.HOH",NA,NA,NA,NA,NA,NA,NA
"618.B.HOH",NA,NA,NA,NA,NA,NA,NA
"619.B.HOH",NA,NA,NA,NA,NA,NA,NA
"620.B.HOH",NA,NA,NA,NA,NA,NA,NA
"621.B.HOH",NA,NA,NA,NA,NA,NA,NA
"622.B.HOH",NA,NA,NA,NA,NA,NA,NA
"623.B.HOH",NA,NA,NA,NA,NA,NA,NA
"624.B.HOH",NA,NA,NA,NA,NA,NA,NA
"625.B.HOH",NA,NA,NA,NA,NA,NA,NA
"626.B.HOH",NA,NA,NA,NA,NA,NA,NA
"627.B.HOH",NA,NA,NA,NA,NA,NA,NA
"628.B.HOH",NA,NA,NA,NA,NA,NA,NA
"629.B.HOH",NA,NA,NA,NA,NA,NA,NA
"630.B.HOH",NA,NA,NA,NA,NA,NA,NA
"631.B.HOH",NA,NA,NA,NA,NA,NA,NA
"632.B.HOH",NA,NA,NA,NA,NA,NA,NA
"633.B.HOH",NA,NA,NA,NA,NA,NA,NA
"634.B.HOH",NA,NA,NA,NA,NA,NA,NA
"635.B.HOH",NA,NA,NA,NA,NA,NA,NA
"636.B.HOH",NA,NA,NA,NA,NA,NA,NA
"637.B.HOH",NA,NA,NA,NA,NA,NA,NA
"638.B.HOH",NA,NA,NA,NA,NA,NA,NA
"639.B.HOH",NA,NA,NA,NA,NA,NA,NA
"640.B.HOH",NA,NA,NA,NA,NA,NA,NA
"641.B.HOH",NA,NA,NA,NA,NA,NA,NA
"642.B.HOH",NA,NA,NA,NA,NA,NA,NA
"643.B.HOH",NA,NA,NA,NA,NA,NA,NA
"644.B.HOH",NA,NA,NA,NA,NA,NA,NA
"645.B.HOH",NA,NA,NA,NA,NA,NA,NA
"646.B.HOH",NA,NA,NA,NA,NA,NA,NA
"647.B.HOH",NA,NA,NA,NA,NA,NA,NA
"648.B.HOH",NA,NA,NA,NA,NA,NA,NA
"649.B.HOH",NA,NA,NA,NA,NA,NA,NA
"650.B.HOH",NA,NA,NA,NA,NA,NA,NA
"651.B.HOH",NA,NA,NA,NA,NA,NA,NA
"652.B.HOH",NA,NA,NA,NA,NA,NA,NA
"653.B.HOH",NA,NA,NA,NA,NA,NA,NA
"654.B.HOH",NA,NA,NA,NA,NA,NA,NA
"655.B.HOH",NA,NA,NA,NA,NA,NA,NA
"656.B.HOH",NA,NA,NA,NA,NA,NA,NA
"657.B.HOH",NA,NA,NA,NA,NA,NA,NA
"658.B.HOH",NA,NA,NA,NA,NA,NA,NA
"659.B.HOH",NA,NA,NA,NA,NA,NA,NA
"660.B.HOH",NA,NA,NA,NA,NA,NA,NA
"661.B.HOH",NA,NA,NA,NA,NA,NA,NA
"662.B.HOH",NA,NA,NA,NA,NA,NA,NA
"663.B.HOH",NA,NA,NA,NA,NA,NA,NA
"664.B.HOH",NA,NA,NA,NA,NA,NA,NA
"665.B.HOH",NA,NA,NA,NA,NA,NA,NA
"666.B.HOH",NA,NA,NA,NA,NA,NA,NA
"667.B.HOH",NA,NA,NA,NA,NA,NA,NA
